I,DUID,TOTALCLEARED,RECORD,DAILY ENERGY,DAILY ENERGY RECORD,LAST DAILY ENERGY,LAST DAILY ENERGY RECORD,RAISEREG,AEMO RAISEREG,RAISE6SEC,AEMO RAISE6SEC,RAISE60SEC,AEMO RAISE60SEC,RAISE5MIN,AEMO RAISE5MIN,LOWERREG,AEMO LOWERREG,LOWER6SEC,AEMO LOWER6SEC,LOWER60SEC,AEMO LOWER60SEC,LOWER5MIN,AEMO LOWER5MIN
D,ARWF1,222.46658096,222.46658,0,0,0,0,-,-,-,-,-,-,-,-,-,-,-,-,-,-,-,-
D,ASNENC1,0,0.0,0,0,0,0,-,-,48.0,48.0,38.0,38.0,36.0,24.0,-,-,-,-,-,-,-,-
D,ASSEL1,0,0.0,0,0,0,0,-,-,-,-,0.0,0.0,0.0,0.0,-,-,-,-,0.0,0.0,0.0,0.0
D,ASSENC1,0,0.0,0,0,0,0,-,-,0.0,0.0,1.0,1.0,0.0,0.0,-,-,-,-,-,-,-,-
D,BALBG1,0.0,0.0,0,0,0,0,0.0,0.0,30.0,30.0,30.0,30.0,30.0,30.0,0.0,0.0,-,-,-,-,-,-
D,BALBL1,0.0,0.0,0,0,0,0,0.0,0.0,-,-,-,-,-,-,0,0.0,13.620422726575725,13.62042,30.0,30.0,27.237351568627417,27.23735
D,BARCALDN,0.0,0.0,0,0,0,0,-,-,-,-,-,-,-,-,-,-,-,-,-,-,-,-
D,BBTHREE2,0.0,0.0,0,0,0,0,-,-,-,-,-,-,-,-,-,-,-,-,-,-,-,-
D,BERYLSF1,0.0,0.0,0,0,0,0,-,-,-,-,-,-,-,-,-,-,-,-,-,-,-,-
D,BLUFF1,48.724,48.724,0,0,0,0,-,-,-,-,-,-,-,-,-,-,-,-,-,-,-,-
D,BODWF1,89.227,89.227,0,0,0,0,-,-,-,-,-,-,-,-,-,-,-,-,-,-,-,-
D,BRAEMAR1,0.0,0.0,0,0,0,0,0,0.0,0,0.0,0,0.0,0,0.0,0,0.0,0,0.0,0,0.0,0,0.0
D,BRAEMAR2,0.0,0.0,0,0,0,0,0,0.0,0,0.0,0,0.0,0,0.0,0,0.0,0,0.0,0,0.0,0,0.0
D,BRAEMAR3,0.0,0.0,0,0,0,0,0,0.0,0,0.0,0,0.0,0,0.0,0,0.0,0,0.0,0,0.0,0,0.0
D,BRAEMAR6,0.0,0.0,0,0,0,0,-,-,-,-,-,-,-,-,-,-,-,-,-,-,-,-
D,BW01,620.0,620.97498,0,0,0,0,25.0,25.0,0,0.0,0,0.0,0,0.0,10.0,10.0,0,0.0,0,0.0,0,0.0
D,BW03,0.0,0.0,0,0,0,0,0,0.0,0,0.0,0,0.0,0,0.0,0,0.0,0,0.0,0,0.0,0,0.0
D,CG4,0.0,0.0,0,0,0,0,-,-,-,-,-,-,-,-,-,-,-,-,-,-,-,-
D,CLERMSF1,0.0,0.0,0,0,0,0,-,-,-,-,-,-,-,-,-,-,-,-,-,-,-,-
D,CROWLWF1,77.414,77.414,0,0,0,0,-,-,-,-,-,-,-,-,-,-,-,-,-,-,-,-
D,DEVILS_G,56.0,56.0,0,0,0,0,0.0,0.0,0.0,0.0,0.0,0.0,0.0,0.0,19.0,19.0,3.2142857142857144,3.21429,0.0,0.0,0.0,0.0
D,EILDON1,0.0,0.0,0,0,0,0,0,0.0,0,0.0,0,0.0,0,0.0,0,0.0,0.0,0.0,0.0,0.0,-,-
D,EILDON2,0.0,0.0,0,0,0,0,0,0.0,0,0.0,0,0.0,0,0.0,0,0.0,0.0,0.0,0.0,0.0,-,-
D,ER01,619.4749418530273,619.47494,0,0,0,0,7.0,7.0,16.0,16.0,16.0,16.0,0.0,0.0,7.0,7.0,0.0,0.0,8.208693333333315,16.0,0.0,0.0
D,ER02,0.0,0.0,0,0,0,0,0,0.0,0,0.0,0,0.0,0,0.0,0,0.0,0,0.0,0,0.0,0,0.0
D,ER03,611.8846199921725,622.41249,0,0,0,0,7.0,7.0,16.0,16.0,16.0,16.0,0.0,0.0,7.0,7.0,0.0,0.0,16.0,8.20869,0.0,0.0
D,ER04,586.7406278881836,622.50625,0,0,0,0,7.0,7.0,16.0,16.0,16.0,16.0,0.0,0.0,7.0,7.0,0.0,0.0,16.0,16.0,0.0,0.0
D,FINLYSF1,0.0,0.0,0,0,0,0,-,-,-,-,-,-,-,-,-,-,-,-,-,-,-,-
D,GANNBG1,0.0,0.0,0,0,0,0,25.0,25.0,-,-,-,-,-,-,0,0.0,-,-,-,-,-,-
D,GORDON,38.57142857142857,50.23404,0,0,0,0,3.0,7.0,7.0,0.0,0.0,0.0,0.0,0.0,20.0,20.0,32.0,32.0,0.0,0.0,0.0,0.0
D,GSTONE1,175.0,175.0,0,0,0,0,10.0,10.0,10.23609428571428,5.0,15.0,15.0,0,0.0,5.0,5.0,0.0,0.0,0.0,0.0,0,0.0
D,GSTONE4,175.0,175.0,0,0,0,0,10.0,10.0,15.0,15.0,15.0,15.0,0,0.0,5.0,5.0,0.0,0.0,0.0,0.0,0,0.0
D,GSTONE6,175.0,175.0,0,0,0,0,10.0,10.0,5.0,15.0,15.0,15.0,0,0.0,5.0,5.0,0.0,0.0,0.0,0.0,0,0.0
D,GULLRSF1,0.0,0.0,0,0,0,0,-,-,-,-,-,-,-,-,-,-,-,-,-,-,-,-
D,GULLRWF1,20.514,20.514,0,0,0,0,-,-,-,-,-,-,-,-,-,-,-,-,-,-,-,-
D,HDWF1,99.3,99.3,0,0,0,0,0,0.0,-,-,-,-,-,-,0,0.0,-,-,-,-,-,-
D,HDWF2,100.0,100.0,0,0,0,0,0,0.0,-,-,0,0.0,0,0.0,0,0.0,-,-,0.0,0.0,0.0,0.0
D,HDWF3,109.0,109.0,0,0,0,0,0,0.0,-,-,-,-,-,-,0,0.0,-,-,-,-,-,-
D,HPRL1,0.0,0.0,0,0,0,0,0.0,0.0,-,-,-,-,-,-,40.0,40.0,40.0,40.0,18.0,18.0,39.0,39.0
D,JBUTTERS,0.0,0.0,0,0,0,0,0,0.0,0,0.0,0,0.0,0,0.0,0,0.0,0,0.0,0,0.0,0,0.0
D,LBBG1,0.0,0.0,0,0,0,0,0.0,0.0,15.0,15.0,0.0,1.73509,10.0,10.0,0.0,0.0,-,-,-,-,-,-
D,LBBL1,0.0,0.0,0,0,0,0,0.0,0.0,-,-,-,-,-,-,25.0,25.0,0.0,0.0,0.0,0.0,0.0,0.0
D,LD01,320.0,320.0,0,0,0,0,0.0,0.0,0.0,0.0,0.0,0.0,0,0.0,1.0,1.0,10.0,10.0,10.0,10.0,0,0.0
D,LD02,400.0,400.0,0,0,0,0,0,0.0,0,0.0,0,0.0,0,0.0,0,0.0,0,0.0,0,0.0,0,0.0
D,LD03,400.0,400.0,0,0,0,0,0.0,0.0,0.0,0.0,0.0,0.0,0,0.0,1.0,1.0,10.0,10.0,10.0,10.0,0,0.0
D,LD04,0.0,0.0,0,0,0,0,0,0.0,0,0.0,0,0.0,0,0.0,0,0.0,0,0.0,0,0.0,0,0.0
D,LIMOSF21,0.0,0.0,0,0,0,0,-,-,-,-,-,-,-,-,-,-,-,-,-,-,-,-
D,LKBONNY2,0.0,14.9187,0,0,0,0,-,-,-,-,-,-,-,-,-,-,-,-,-,-,-,-
D,LNGS1,0.0,0.0,0,0,0,0,-,-,-,-,-,-,-,-,-,-,-,-,-,-,-,-
D,LOYYB1,0.0,0.0,0,0,0,0,0,0.0,0,0.0,0,0.0,0,0.0,0,0.0,0,0.0,0,0.0,0,0.0
D,LOYYB2,570.0,570.0,0,0,0,0,0.0,0.0,5.0,5.0,5.0,5.0,5.0,5.0,0.0,0.0,14.0,14.0,20.0,20.0,20.0,20.0
D,LYA2,530.0,530.0,0,0,0,0,0,0.0,0,0.0,0,0.0,0,0.0,0,0.0,0,0.0,0,0.0,0,0.0
D,LYA3,560.0,560.0,0,0,0,0,0,0.0,0,0.0,0,0.0,0,0.0,0,0.0,0,0.0,0,0.0,0,0.0
D,LYA4,560.0,560.0,0,0,0,0,0,0.0,0,0.0,0,0.0,0,0.0,0,0.0,0,0.0,0,0.0,0,0.0
D,MACKNTSH,0.0,0.0,0,0,0,0,0,0.0,0,0.0,0,0.0,0,0.0,0,0.0,0,0.0,0,0.0,0,0.0
D,MCKAY1,0.0,0.0,0,0,0,0,0,0.0,0,0.0,0,0.0,0,0.0,0,0.0,0,0.0,0,0.0,-,-
D,MEADOWBK,0.0,0.0,0,0,0,0,0,0.0,0,0.0,0,0.0,0,0.0,0,0.0,0,0.0,0,0.0,0,0.0
D,MP1,450.0,439.02502,0,0,0,0,0.0,0.0,0.0,0.0,0.0,0.0,0.0,0.0,0,0.0,0,0.0,0,0.0,0,0.0
D,MP2,350.0,350.0,0,0,0,0,0,0.0,10.0,10.0,10.0,10.0,0.0,0.0,0,0.0,50.0,50.0,70.0,70.0,50.0,50.0
D,MPP_2,435.0,435.0,0,0,0,0,0.0,0.0,-,-,-,-,-,-,0,0.0,-,-,-,-,-,-
D,MSTUART1,0.0,0.0,0,0,0,0,0,0.0,-,-,-,-,-,-,0,0.0,-,-,-,-,-,-
D,MUWAWF1,201.332,201.332,0,0,0,0,-,-,-,-,-,-,-,-,-,-,-,-,-,-,-,-
D,NPS,0.0,0.0,0,0,0,0,-,-,0,0.0,0,0.0,-,-,-,-,0,0.0,0,0.0,-,-
D,NYNGAN1,0.0,0.0,0,0,0,0,-,-,-,-,-,-,-,-,-,-,-,-,-,-,-,-
D,OAKEY2,0.0,0.0,0,0,0,0,0,0.0,-,-,0,0.0,0,0.0,0,0.0,-,-,0,0.0,0,0.0
D,POAT220,1.0,1.0,0,0,0,0,10.0,16.0,0,0.0,7.0,7.0,40.0,40.0,0.0,0.0,0.0,0.0,0.0,0.0,0.0,0.0
D,POR01,0.0,0.0,0,0,0,0,-,-,-,-,-,-,-,-,-,-,-,-,-,-,-,-
D,PPCCGT,250.0,250.0,0,0,0,0,0,0.0,0,0.0,0,0.0,0,0.0,0,0.0,0,0.0,0,0.0,0,0.0
D,PUMP1,0.0,0.0,0,0,0,0,-,-,0,0.0,0,0.0,0,0.0,-,-,-,-,-,-,-,-
D,QPS2,0.0,0.0,0,0,0,0,-,-,-,-,-,-,-,-,-,-,-,-,-,-,-,-
D,QPS5,0.0,0.0,0,0,0,0,0,0.0,0,0.0,-,-,-,-,0,0.0,0,0.0,-,-,-,-
D,REECE1,0.0,0.0,0,0,0,0,0,0.0,0,0.0,0,0.0,0,0.0,0,0.0,0,0.0,0,0.0,0,0.0
D,REECE2,0.0,0.0,0,0,0,0,0,0.0,7.520000000000003,17.0,0,0.0,0,0.0,0,0.0,0,0.0,0,0.0,0,0.0
D,RT_VIC12,0.0,0.0,0,0,0,0,-,-,-,-,-,-,-,-,-,-,-,-,-,-,-,-
D,RT_VIC3,0.0,0.0,0,0,0,0,-,-,-,-,-,-,-,-,-,-,-,-,-,-,-,-
D,RT_VIC4,0.0,0.0,0,0,0,0,-,-,-,-,-,-,-,-,-,-,-,-,-,-,-,-
D,SNOWNTH1,132.098,132.098,0,0,0,0,-,-,-,-,-,-,-,-,-,-,-,-,-,-,-,-
D,STAN-1,350.0,350.0,0,0,0,0,0,0.0,0,0.0,0,0.0,-,-,0,0.0,0,0.0,0,0.0,0,0.0
D,STAN-2,0.0,0.0,0,0,0,0,0,0.0,0,0.0,0,0.0,-,-,0,0.0,0,0.0,0,0.0,0,0.0
D,STAN-3,350.0,345.0,0,0,0,0,10.0,5.0,5.0,5.0,10.0,10.0,-,-,0.0,0.0,0.0,0.0,0.0,0.0,0.0,0.0
D,TARONG#4,340.0,345.0,0,0,0,0,10.0,5.0,5.714285714285714,0.0,4.285714285714286,0.0,5.0,0.0,0.0,0.0,0.0,0.0,0.0,0.0,0.0,0.0
D,TORRA1,0.0,0.0,0,0,0,0,0,0.0,0,0.0,0,0.0,-,-,0,0.0,0,0.0,0,0.0,-,-
D,TORRA2,0.0,0.0,0,0,0,0,0,0.0,0,0.0,0,0.0,-,-,0,0.0,0,0.0,0,0.0,-,-
D,TORRA3,0.0,0.0,0,0,0,0,0,0.0,0,0.0,0,0.0,-,-,0,0.0,0,0.0,0,0.0,-,-
D,TORRB1,0.0,0.0,0,0,0,0,0,0.0,0,0.0,0,0.0,0,0.0,0,0.0,0,0.0,0,0.0,0,0.0
D,TORRB2,0.0,0.0,0,0,0,0,0,0.0,0,0.0,0,0.0,0,0.0,0,0.0,0,0.0,0,0.0,0,0.0
D,TORRB3,60.0,60.0,0,0,0,0,0,0.0,15.0,15.0,27.272727272727273,27.27273,0,0.0,0,0.0,15.0,15.0,15.0,15.0,0,0.0
D,TORRB4,40.0,40.0,0,0,0,0,0,0.0,0,0.0,0,0.0,0,0.0,0,0.0,0,0.0,0,0.0,0,0.0
D,TRIBUTE,89.0,89.0,0,0,0,0,0,0.0,0.0,0.0,6.212765957446808,6.21277,0,0.0,0,0.0,0.8108108108108107,0.81081,16.0,16.0,0,0.0
D,TUMUT3,0.0,0.0,0,0,0,0,0,0.0,0,0.0,0,0.0,44.6963694879352,63.69637,0,0.0,0,0.0,0,0.0,0,0.0
D,TUNGATIN,2.00003,2.00003,0,0,0,0,0.0,0.0,18.0,18.0,80.0,80.0,51.9999688,51.99997,0.0,0.0,1.3750412500000002,1.37504,1.666716666666667,1.66672,1.0196384313725493,1.01964
D,UPPTUMUT,375.0,375.0,0,0,0,0,6.0,6.0,0,0.0,0,0.0,6.0,6.0,20.0,20.0,0,0.0,0,0.0,20.0,20.0
D,VP6,600.0,600.0,0,0,0,0,0.0,0.0,15.0,15.0,30.0,30.0,10.0,10.0,0.0,0.0,0.0,0.0,5.0,5.0,0.0,0.0
D,VPGS2,0.0,0.0,0,0,0,0,-,-,-,-,-,-,-,-,-,-,-,-,-,-,-,-
D,VSSAE1V1,0,0.0,0,0,0,0,-,-,1.0,1.0,1.0,1.0,1.0,1.0,-,-,2.0,2.0,2.0,2.0,2.0,2.0
D,VSSEL1V1,0,0.0,0,0,0,0,-,-,4.0,4.0,4.0,4.0,4.0,4.0,-,-,4.0,4.0,4.0,4.0,4.0,4.0
D,W/HOE#1,0.0,0.0,0,0,0,0,-,-,-,-,0,0.0,0,0.0,-,-,-,-,-,-,-,-
D,W/HOE#2,0.0,0.0,0,0,0,0,-,-,-,-,0,0.0,0,0.0,-,-,-,-,-,-,-,-
D,WHITSF1,0.0,0.0,0,0,0,0,-,-,-,-,-,-,-,-,-,-,-,-,-,-,-,-
D,WKIEWA1,30.0,30.0,0,0,0,0,0,0.0,3.0,3.0,3.0,3.0,-,-,0,0.0,2.0,2.0,2.0,2.0,-,-
D,WKIEWA2,15.0,15.0,0,0,0,0,0,0.0,5.0,5.0,4.0,4.0,-,-,0,0.0,2.0,2.0,2.0,2.0,-,-
D,WRSF1,0.0,0.0,0,0,0,0,-,-,-,-,-,-,-,-,-,-,-,-,-,-,-,-
D,YWPS1,0.0,0.0,0,0,0,0,0,0.0,0,0.0,0,0.0,0,0.0,0,0.0,0,0.0,0,0.0,0,0.0
D,YWPS2,350.0,350.0,0,0,0,0,0.0,0.0,0.0,0.0,0.0,0.0,0.0,0.0,0.0,0.0,20.0,20.0,20.0,20.0,15.0,15.0
D,YWPS3,396.0,396.0,0,0,0,0,0,0.0,0.0,0.0,0.0,0.0,0,0.0,0,0.0,0,0.0,0,0.0,0,0.0
D,YWPS4,396.0,396.0,0,0,0,0,0,0.0,0.0,0.0,0.0,0.0,0,0.0,0,0.0,0,0.0,0,0.0,0,0.0
D,AGLSOM,0.0,0.0,0,0,0,0,-,-,-,-,-,-,-,-,-,-,-,-,-,-,-,-
D,APD01,0,0.0,0,0,0,0,-,-,29.0,29.0,84.0,84.0,65.0,65.0,-,-,0.0,0.0,0.0,0.0,0.0,0.0
D,ASNAES1,0,0.0,0,0,0,0,-,-,2.0,2.0,1.0,1.0,1.0,1.0,-,-,2.0,2.0,2.0,2.0,2.0,2.0
D,ASQENC1,0,0.0,0,0,0,0,-,-,14.0,14.0,7.0,7.0,10.0,8.0,-,-,-,-,-,-,-,-
D,ASTHYD1,0,0.0,0,0,0,0,-,-,56.0,56.0,-,-,-,-,-,-,-,-,-,-,-,-
D,BARKIPS1,0.0,0.0,0,0,0,0,0,0.0,0,0.0,0,0.0,0,0.0,0,0.0,0,0.0,0,0.0,0,0.0
D,BARRON-1,0.0,0.0,0,0,0,0,-,-,-,-,-,-,-,-,-,-,-,-,-,-,-,-
D,BASTYAN,71.0,71.0,0,0,0,0,0.0,0.0,0.48,0.0,8.709677419354838,8.70968,6.473684210526315,6.47368,0.0,0.0,1.8461538461538463,1.84615,0.0,0.0,0,0.0
D,BOCORWF1,106.656,106.656,0,0,0,0,-,-,-,-,-,-,-,-,-,-,-,-,-,-,-,-
D,BROKENH1,0.0,0.0,0,0,0,0,-,-,-,-,-,-,-,-,-,-,-,-,-,-,-,-
D,BW02,576.44995,525.19995,0,0,0,0,0,0.0,0,0.0,0,0.0,0,0.0,0,0.0,0,0.0,0,0.0,0,0.0
D,BW04,575.0,575.0,0,0,0,0,25.0,25.0,0,0.0,0,0.0,0,0.0,15.0,15.0,0,0.0,0,0.0,0,0.0
D,CALL_B_1,0.0,0.0,0,0,0,0,0,0.0,0,0.0,0,0.0,0,0.0,0,0.0,0,0.0,0,0.0,0,0.0
D,CALL_B_2,320.0,320.0,0,0,0,0,0.0,0.0,0.0,0.0,0.0,0.0,0,0.0,3.0,3.0,0.0,0.0,0.0,0.0,0,0.0
D,CTHLWF1,129.375,129.375,0,0,0,0,-,-,-,-,-,-,-,-,-,-,-,-,-,-,-,-
D,DALNTH01,0.0,0.0,0,0,0,0,-,-,30.0,30.0,30.0,30.0,30.0,30.0,-,-,-,-,-,-,-,-
D,DDPS1,0.0,0.0,0,0,0,0,0,0.0,-,-,-,-,-,-,0,0.0,-,-,-,-,-,-
D,DG_QLD1,0.0,0.0,0,0,0,0,-,-,-,-,-,-,-,-,-,-,-,-,-,-,-,-
D,DRYCGT3,0.0,0.0,0,0,0,0,-,-,-,-,-,-,-,-,-,-,-,-,-,-,-,-
D,EMERASF1,0.0,0.0,0,0,0,0,-,-,-,-,-,-,-,-,-,-,-,-,-,-,-,-
D,FISHER,8.0,8.0,0,0,0,0,0.0,0.0,2.0,0.0,1.0,1.0,26.0,26.0,0.0,0.0,0.0,0.0,0,0.0,0,0.0
D,GSTONE2,175.0,175.0,0,0,0,0,10.0,10.0,5.0,5.95038,15.0,15.0,0,0.0,5.0,5.0,0.0,0.0,0.0,0.0,0,0.0
D,GSTONE3,0.0,0.0,0,0,0,0,0,0.0,0,0.0,0,0.0,0,0.0,0,0.0,0,0.0,0,0.0,0,0.0
D,GSTONE5,0.0,0.0,0,0,0,0,0,0.0,0,0.0,0,0.0,0,0.0,0,0.0,0,0.0,0,0.0,0,0.0
D,GUNNING1,3.233,3.233,0,0,0,0,-,-,-,-,-,-,-,-,-,-,-,-,-,-,-,-
D,GUTHEGA,0.0,0.0,0,0,0,0,0,0.0,-,-,0,0.0,0,0.0,0,0.0,-,-,0,0.0,0,0.0
D,HPRG1,0.0,0.0,0,0,0,0,30.0,30.0,61.0,61.0,18.0,18.0,39.0,39.0,0.0,0.0,-,-,-,-,-,-
D,JLB01,0.0,0.0,0,0,0,0,-,-,-,-,-,-,-,-,-,-,-,-,-,-,-,-
D,JLB02,0.0,0.0,0,0,0,0,-,-,-,-,-,-,-,-,-,-,-,-,-,-,-,-
D,KAREEYA2,22.0,22.0,0,0,0,0,-,-,-,-,-,-,-,-,-,-,-,-,-,-,-,-
D,KSP1,0.0,0.0,0,0,0,0,-,-,-,-,-,-,-,-,-,-,-,-,-,-,-,-
D,LADBROK1,0.0,0.0,0,0,0,0,-,-,-,-,-,-,-,-,-,-,-,-,-,-,-,-
D,LEM_WIL,47.0,47.0,0,0,0,0,0.0,0.0,0,0.0,0,0.0,0,0.0,0.0,0.0,0,0.0,0,0.0,0,0.0
D,LK_ECHO,0.0,0.0,0,0,0,0,-,-,-,-,-,-,-,-,-,-,-,-,-,-,-,-
D,LONSDALE,0.0,0.0,0,0,0,0,0,0.0,-,-,-,-,-,-,0,0.0,-,-,-,-,-,-
D,LYA1,560.0,560.0,0,0,0,0,0.0,0.0,0.0,0.0,0.0,0.0,0.0,0.0,10.0,10.0,0,0.0,0,0.0,0,0.0
D,MANSLR1,0.0,0.0,0,0,0,0,-,-,-,-,-,-,-,-,-,-,-,-,-,-,-,-
D,MOREESF1,0.0,0.0,0,0,0,0,-,-,-,-,-,-,-,-,-,-,-,-,-,-,-,-
D,MORTLK11,0.0,0.0,0,0,0,0,0,0.0,-,-,-,-,-,-,0,0.0,-,-,-,-,-,-
D,MORTLK12,0.0,0.0,0,0,0,0,0,0.0,-,-,-,-,-,-,0,0.0,-,-,-,-,-,-
D,MSTUART3,0.0,0.0,0,0,0,0,-,-,-,-,-,-,-,-,-,-,-,-,-,-,-,-
D,MTGELWF1,35.819,35.819,0,0,0,0,-,-,-,-,-,-,-,-,-,-,-,-,-,-,-,-
D,MURRAY,0.0,0.0,0,0,0,0,0,0.0,0,0.0,0,0.0,0,0.0,0,0.0,0,0.0,0,0.0,0,0.0
D,OAKEY1,0.0,0.0,0,0,0,0,0,0.0,-,-,0,0.0,0,0.0,0,0.0,-,-,0,0.0,0,0.0
D,OSB-AG,0.0,0.0,0,0,0,0,0,0.0,0,0.0,0,0.0,0,0.0,0,0.0,0,0.0,0,0.0,0,0.0
D,PUMP2,0.0,0.0,0,0,0,0,-,-,0,0.0,0,0.0,0,0.0,-,-,-,-,-,-,-,-
D,RT_NSW2,0.0,0.0,0,0,0,0,-,-,-,-,-,-,-,-,-,-,-,-,-,-,-,-
D,RT_VIC6,0.0,0.0,0,0,0,0,-,-,-,-,-,-,-,-,-,-,-,-,-,-,-,-
D,RT_VIC8,0.0,0.0,0,0,0,0,-,-,-,-,-,-,-,-,-,-,-,-,-,-,-,-
D,RUGBYR1,0.0,0.0,0,0,0,0,-,-,-,-,-,-,-,-,-,-,-,-,-,-,-,-
D,SNOWTWN1,94.8,94.8,0,0,0,0,-,-,-,-,-,-,-,-,-,-,-,-,-,-,-,-
D,STAN-4,350.0,350.0,0,0,0,0,10.0,10.0,0,0.0,0,0.0,-,-,0.0,0.0,0.0,0.0,0.0,0.0,0,0.0
D,STWF1,189.033,189.033,0,0,0,0,-,-,-,-,-,-,-,-,-,-,-,-,-,-,-,-
D,SWAN_E,250.0,250.0,0,0,0,0,5.0,5.0,-,-,0,0.0,-,-,5.0,5.0,-,-,5.0,5.0,-,-
D,TARALGA1,21.629,21.629,0,0,0,0,-,-,-,-,-,-,-,-,-,-,-,-,-,-,-,-
D,TARONG#2,350.0,350.0,0,0,0,0,0,0.0,0,0.0,0,0.0,0,0.0,0,0.0,0,0.0,0,0.0,0,0.0
D,TARONG#3,305.0,305.0,0,0,0,0,0,0.0,0,0.0,0,0.0,0,0.0,0,0.0,0,0.0,0,0.0,0,0.0
D,TREVALLN,70.0,70.0,0,0,0,0,0.0,0.0,0.0,0.0,8.4,8.4,7.0,7.0,0.0,0.0,3.108695652173913,3.1087,0.0,0.0,0.0,0.0
D,URANQ11,0.0,0.0,0,0,0,0,-,-,-,-,-,-,-,-,-,-,-,-,-,-,-,-
D,VENUS1,0,0.0,0,0,0,0,-,-,22.0,22.0,16.449377714897622,19.0,7.0,7.0,-,-,-,-,-,-,-,-
D,VP5,0.0,0.0,0,0,0,0,0,0.0,0,0.0,0,0.0,0,0.0,0,0.0,0,0.0,0,0.0,0,0.0
D,WGWF1,108.0,108.0,0,0,0,0,-,-,-,-,-,-,-,-,-,-,-,-,-,-,-,-
D,WRWF1,45.479,45.479,0,0,0,0,-,-,-,-,-,-,-,-,-,-,-,-,-,-,-,-
D,YARANSF1,0.0,0.0,0,0,0,0,-,-,-,-,-,-,-,-,-,-,-,-,-,-,-,-
D,BULGANA1,75.0,75.0,0,0,0,0,-,-,-,-,-,-,-,-,-,-,-,-,-,-,-,-
D,CETHANA,0.0,0.0,0,0,0,0,0,0.0,0,0.0,0,0.0,0,0.0,0,0.0,0,0.0,0,0.0,0,0.0
D,CHILDSF1,0.0,0.0,0,0,0,0,-,-,-,-,-,-,-,-,-,-,-,-,-,-,-,-
D,COOPGWF1,293.0,293.0,0,0,0,0,-,-,-,-,-,-,-,-,-,-,-,-,-,-,-,-
D,CPP_3,420.0,420.0,0,0,0,0,-,-,-,-,-,-,-,-,-,-,-,-,-,-,-,-
D,DARTM1,0.0,0.0,0,0,0,0,0,0.0,0,0.0,0,0.0,0,0.0,0,0.0,0,0.0,0,0.0,-,-
D,DRYCGT2,0.0,0.0,0,0,0,0,-,-,-,-,-,-,-,-,-,-,-,-,-,-,-,-
D,GOONSF1,0.0,0.0,0,0,0,0,-,-,-,-,-,-,-,-,-,-,-,-,-,-,-,-
D,HAYMSF1,0.0,0.0,0,0,0,0,-,-,-,-,-,-,-,-,-,-,-,-,-,-,-,-
D,HVGTS,0.0,0.0,0,0,0,0,-,-,-,-,-,-,-,-,-,-,-,-,-,-,-,-
D,KAREEYA4,22.0,22.0,0,0,0,0,-,-,-,-,-,-,-,-,-,-,-,-,-,-,-,-
D,LI_WY_CA,110.0,110.0,0,0,0,0,0,0.0,0.0,0.0,26.619718309859156,26.61972,21.161538461538463,21.16154,0,0.0,1.0,1.0,54.0,54.0,70.0,70.0
D,MARYRSF1,0.0,0.0,0,0,0,0,-,-,-,-,-,-,-,-,-,-,-,-,-,-,-,-
D,MUSSELR1,18.149,18.149,0,0,0,0,-,-,-,-,-,-,-,-,-,-,-,-,-,-,-,-
D,OAKEY2SF,0.0,0.0,0,0,0,0,-,-,-,-,-,-,-,-,-,-,-,-,-,-,-,-
D,OAKLAND1,62.999,62.999,0,0,0,0,-,-,-,-,-,-,-,-,-,-,-,-,-,-,-,-
D,POAT110,1.0,1.0,0,0,0,0,0.0,0.0,0,0.0,6.0,6.0,0.0,0.0,0.0,0.0,0.0,0.0,0.0,0.0,0.0,0.0
D,RT_NSW1,0.0,0.0,0,0,0,0,-,-,-,-,-,-,-,-,-,-,-,-,-,-,-,-
D,RT_SA6,0.0,0.0,0,0,0,0,-,-,-,-,-,-,-,-,-,-,-,-,-,-,-,-
D,SITHE01,0.0,0.0,0,0,0,0,-,-,-,-,-,-,-,-,-,-,-,-,-,-,-,-
D,SNOWYP,0.0,0.0,0,0,0,0,-,-,0,0.0,0,0.0,0,0.0,-,-,-,-,-,-,0,0.0
D,SRSF1,0.0,0.0,0,0,0,0,-,-,-,-,-,-,-,-,-,-,-,-,-,-,-,-
D,TORRA4,0.0,0.0,0,0,0,0,0,0.0,0,0.0,0,0.0,-,-,0,0.0,0,0.0,0,0.0,-,-
D,TVCC201,0.0,0.0,0,0,0,0,-,-,-,-,-,-,-,-,-,-,0,0.0,0,0.0,0,0.0
D,VPGS4,0.0,0.0,0,0,0,0,-,-,-,-,-,-,-,-,-,-,-,-,-,-,-,-
D,VPGS6,0.0,0.0,0,0,0,0,-,-,-,-,-,-,-,-,-,-,-,-,-,-,-,-
D,AGLHAL,0.0,0.0,0,0,0,0,-,-,-,-,-,-,-,-,-,-,-,-,-,-,-,-
D,BDL01,0.0,0.0,0,0,0,0,-,-,-,-,-,-,-,-,-,-,-,-,-,-,-,-
D,BNGSF1,0.0,0.0,0,0,0,0,-,-,-,-,-,-,-,-,-,-,-,-,-,-,-,-
D,BRAEMAR5,0.0,0.0,0,0,0,0,-,-,-,-,-,-,-,-,-,-,-,-,-,-,-,-
D,BRAEMAR7,0.0,0.0,0,0,0,0,-,-,-,-,-,-,-,-,-,-,-,-,-,-,-,-
D,CG2,0.0,0.0,0,0,0,0,-,-,-,-,-,-,-,-,-,-,-,-,-,-,-,-
D,CHYTWF1,51.275,51.275,0,0,0,0,-,-,-,-,-,-,-,-,-,-,-,-,-,-,-,-
D,CPP_4,0.0,0.0,0,0,0,0,-,-,-,-,-,-,-,-,-,-,-,-,-,-,-,-
D,CPSA,0.0,0.0,0,0,0,0,-,-,-,-,-,-,-,-,-,-,-,-,-,-,-,-
D,DALNTHL1,0.0,0.0,0,0,0,0,-,-,-,-,-,-,-,-,-,-,25.0,25.0,25.0,25.0,5.0,5.0
D,DARLSF1,0.0,0.0,0,0,0,0,-,-,-,-,-,-,-,-,-,-,-,-,-,-,-,-
D,GULLRWF2,1.76151,1.76151,0,0,0,0,-,-,-,-,-,-,-,-,-,-,-,-,-,-,-,-
D,HALLWF2,56.848,56.848,0,0,0,0,-,-,-,-,-,-,-,-,-,-,-,-,-,-,-,-
D,JLA01,0.0,0.0,0,0,0,0,-,-,-,-,-,-,-,-,-,-,-,-,-,-,-,-
D,KIATAWF1,30.822,30.822,0,0,0,0,-,-,-,-,-,-,-,-,-,-,-,-,-,-,-,-
D,LKBONNY3,18.578,3.6593,0,0,0,0,-,-,-,-,-,-,-,-,-,-,-,-,-,-,-,-
D,MACKAYGT,0.0,0.0,0,0,0,0,-,-,-,-,-,-,13.0,13.0,-,-,-,-,-,-,-,-
D,NBHWF1,125.923,125.923,0,0,0,0,-,-,-,-,-,-,-,-,-,-,-,-,-,-,-,-
D,PARSF1,0.0,0.0,0,0,0,0,-,-,-,-,-,-,-,-,-,-,-,-,-,-,-,-
D,POR03,0.0,0.0,0,0,0,0,-,-,-,-,-,-,-,-,-,-,-,-,-,-,-,-
D,QPS1,0.0,0.0,0,0,0,0,-,-,-,-,-,-,-,-,-,-,-,-,-,-,-,-
D,QPS4,0.0,0.0,0,0,0,0,-,-,-,-,-,-,-,-,-,-,-,-,-,-,-,-
D,ROMA_7,0.0,0.0,0,0,0,0,-,-,-,-,-,-,-,-,-,-,-,-,-,-,-,-
D,RT_NSW5,0.0,0.0,0,0,0,0,-,-,-,-,-,-,-,-,-,-,-,-,-,-,-,-
D,RT_VIC5,0.0,0.0,0,0,0,0,-,-,-,-,-,-,-,-,-,-,-,-,-,-,-,-
D,RT_VIC9,0.0,0.0,0,0,0,0,-,-,-,-,-,-,-,-,-,-,-,-,-,-,-,-
D,SHGEN,0.0,0.0,0,0,0,0,-,-,-,-,-,-,-,-,-,-,-,-,-,-,-,-
D,SNOWYGJP,0,0.0,0,0,0,0,-,-,0.0,0.0,0.0,0.0,0.0,0.0,-,-,-,-,-,-,-,-
D,SNUG1,0.0,0.0,0,0,0,0,-,-,-,-,-,-,-,-,-,-,-,-,-,-,-,-
D,TARONG#1,175.0,175.0,0,0,0,0,0,0.0,0,0.0,0,0.0,0,0.0,0,0.0,0,0.0,0,0.0,0,0.0
D,TARRALEA,75.0,75.0,0,0,0,0,-,-,-,-,-,-,-,-,-,-,0,0.0,-,-,-,-
D,WOODLWN1,0.0,0.0,0,0,0,0,-,-,-,-,-,-,-,-,-,-,-,-,-,-,-,-
D,YARWUN_1,0.0,0.0,0,0,0,0,-,-,-,-,-,-,-,-,-,-,-,-,-,-,-,-
D,BANN1,0.0,0.0,0,0,0,0,-,-,-,-,-,-,-,-,-,-,-,-,-,-,-,-
D,CG3,0.0,0.0,0,0,0,0,-,-,-,-,-,-,-,-,-,-,-,-,-,-,-,-
D,DDSF1,0.0,0.0,0,0,0,0,-,-,-,-,-,-,-,-,-,-,-,-,-,-,-,-
D,DG_NSW1,0.0,0.0,0,0,0,0,-,-,-,-,-,-,-,-,-,-,-,-,-,-,-,-
D,DRYCGT1,0.0,0.0,0,0,0,0,-,-,-,-,-,-,-,-,-,-,-,-,-,-,-,-
D,DUNDWF1,49.532999999999994,49.564,0,0,0,0,-,-,-,-,-,-,-,-,-,-,-,-,-,-,-,-
D,GANNBL1,0.0,0.0,0,0,0,0,0.0,0.0,-,-,-,-,-,-,0,0.0,-,-,-,-,-,-
D,HAMISF1,0.0,0.0,0,0,0,0,-,-,-,-,-,-,-,-,-,-,-,-,-,-,-,-
D,HAUGHT11,0.0,0.0,0,0,0,0,-,-,-,-,-,-,-,-,-,-,-,-,-,-,-,-
D,KAREEYA1,0.0,0.0,0,0,0,0,-,-,-,-,-,-,-,-,-,-,-,-,-,-,-,-
D,KAREEYA3,22.0,22.0,0,0,0,0,-,-,-,-,-,-,-,-,-,-,-,-,-,-,-,-
D,KARSF1,0.0,0.0,0,0,0,0,-,-,-,-,-,-,-,-,-,-,-,-,-,-,-,-
D,KPP_1,630.0,630.0,0,0,0,0,-,-,-,-,-,-,-,-,-,-,-,-,-,-,-,-
D,LGAPWF1,108.765,108.765,0,0,0,0,-,-,-,-,-,-,-,-,-,-,-,-,-,-,-,-
D,LILYSF1,0.0,0.0,0,0,0,0,-,-,-,-,-,-,-,-,-,-,-,-,-,-,-,-
D,LNGS2,0.0,0.0,0,0,0,0,-,-,-,-,-,-,-,-,-,-,-,-,-,-,-,-
D,MEWF1,36.001,36.001,0,0,0,0,-,-,-,-,-,-,-,-,-,-,-,-,-,-,-,-
D,MINTARO,0.0,0.0,0,0,0,0,-,-,-,-,-,-,-,-,-,-,-,-,-,-,-,-
D,MPP_1,435.0,435.0,0,0,0,0,0,0.0,-,-,-,-,-,-,0,0.0,-,-,-,-,-,-
D,MSTUART2,0.0,0.0,0,0,0,0,0,0.0,-,-,-,-,-,-,0,0.0,-,-,-,-,-,-
D,OAKEY1SF,0.0,0.0,0,0,0,0,-,-,-,-,-,-,-,-,-,-,-,-,-,-,-,-
D,PTSTAN1,0.0,0.0,0,0,0,0,-,-,-,-,-,-,-,-,-,-,-,-,-,-,-,-
D,RT_NSW3,0.0,0.0,0,0,0,0,-,-,-,-,-,-,-,-,-,-,-,-,-,-,-,-
D,RT_SA3,0.0,0.0,0,0,0,0,-,-,-,-,-,-,-,-,-,-,-,-,-,-,-,-
D,RT_TAS1,0.0,0.0,0,0,0,0,-,-,-,-,-,-,-,-,-,-,-,-,-,-,-,-
D,RT_VIC10,0.0,0.0,0,0,0,0,-,-,-,-,-,-,-,-,-,-,-,-,-,-,-,-
D,SNOWSTH1,119.086,119.086,0,0,0,0,-,-,-,-,-,-,-,-,-,-,-,-,-,-,-,-
D,VPGS1,0.0,0.0,0,0,0,0,-,-,-,-,-,-,-,-,-,-,-,-,-,-,-,-
D,WEMENSF1,0.0,0.0,0,0,0,0,-,-,-,-,-,-,-,-,-,-,-,-,-,-,-,-
D,BBTHREE3,0.0,0.0,0,0,0,0,-,-,-,-,-,-,-,-,-,-,-,-,-,-,-,-
D,CLARESF1,0.0,0.0,0,0,0,0,-,-,-,-,-,-,-,-,-,-,-,-,-,-,-,-
D,CROOKWF2,55.541,55.541,0,0,0,0,-,-,-,-,-,-,-,-,-,-,-,-,-,-,-,-
D,DG_SA1,0.0,0.0,0,0,0,0,-,-,-,-,-,-,-,-,-,-,-,-,-,-,-,-
D,HALLWF1,83.678,83.678,0,0,0,0,-,-,-,-,-,-,-,-,-,-,-,-,-,-,-,-
D,HUMENSW,0.0,0.0,0,0,0,0,-,-,-,-,-,-,-,-,-,-,-,-,-,-,-,-
D,HUMEV,0.0,0.0,0,0,0,0,-,-,-,-,-,-,-,-,-,-,-,-,-,-,-,-
D,JLA02,0.0,0.0,0,0,0,0,-,-,-,-,-,-,-,-,-,-,-,-,-,-,-,-
D,NEVERSF1,0.0,0.0,0,0,0,0,-,-,-,-,-,-,-,-,-,-,-,-,-,-,-,-
D,QPS3,0.0,0.0,0,0,0,0,-,-,-,-,-,-,-,-,-,-,-,-,-,-,-,-
D,ROMA_8,0.0,0.0,0,0,0,0,-,-,-,-,-,-,-,-,-,-,-,-,-,-,-,-
D,RT_NSW4,0.0,0.0,0,0,0,0,-,-,-,-,-,-,-,-,-,-,-,-,-,-,-,-
D,RT_QLD1,0.0,0.0,0,0,0,0,-,-,-,-,-,-,-,-,-,-,-,-,-,-,-,-
D,RT_SA4,0.0,0.0,0,0,0,0,-,-,-,-,-,-,-,-,-,-,-,-,-,-,-,-
D,RT_VIC7,0.0,0.0,0,0,0,0,-,-,-,-,-,-,-,-,-,-,-,-,-,-,-,-
D,SAPHWF1,194.293,194.293,0,0,0,0,-,-,-,-,-,-,-,-,-,-,-,-,-,-,-,-
D,SHPUMP,0.0,0.0,0,0,0,0,-,-,-,-,-,-,-,-,-,-,-,-,-,-,-,-
D,SMCSF1,0.0,0.0,0,0,0,0,-,-,-,-,-,-,-,-,-,-,-,-,-,-,-,-
D,TBSF1,0.0,0.0,0,0,0,0,-,-,-,-,-,-,-,-,-,-,-,-,-,-,-,-
D,TVPP104,0.0,0.0,0,0,0,0,-,-,-,-,-,-,-,-,-,-,-,-,-,-,-,-
D,URANQ12,0.0,0.0,0,0,0,0,-,-,-,-,-,-,-,-,-,-,-,-,-,-,-,-
D,VPGS3,0.0,0.0,0,0,0,0,-,-,-,-,-,-,-,-,-,-,-,-,-,-,-,-
D,VPGS5,0.0,0.0,0,0,0,0,-,-,-,-,-,-,-,-,-,-,-,-,-,-,-,-
D,YABULU,165.0,165.0,0,0,0,0,-,-,-,-,-,-,-,-,-,-,-,-,-,-,-,-
D,YABULU2,0.0,0.0,0,0,0,0,-,-,-,-,-,-,-,-,-,-,-,-,-,-,-,-
D,YENDWF1,103.0,103.0,0,0,0,0,-,-,-,-,-,-,-,-,-,-,-,-,-,-,-,-
D,ANGAST1,0.0,0.0,0,0,0,0,-,-,-,-,-,-,-,-,-,-,-,-,-,-,-,-
D,BALDHWF1,14.882,14.882,0,0,0,0,-,-,-,-,-,-,-,-,-,-,-,-,-,-,-,-
D,BARRON-2,0.0,0.0,0,0,0,0,-,-,-,-,-,-,-,-,-,-,-,-,-,-,-,-
D,BBTHREE1,0.0,0.0,0,0,0,0,-,-,-,-,-,-,-,-,-,-,-,-,-,-,-,-
D,BLOWERNG,0.0,0.0,0,0,0,0,-,-,-,-,-,-,-,-,-,-,-,-,-,-,-,-
D,BNGSF2,0.0,0.0,0,0,0,0,-,-,-,-,-,-,-,-,-,-,-,-,-,-,-,-
D,BOMENSF1,0.0,0.0,0,0,0,0,-,-,-,-,-,-,-,-,-,-,-,-,-,-,-,-
D,COLEASF1,0.0,0.0,0,0,0,0,-,-,-,-,-,-,-,-,-,-,-,-,-,-,-,-
D,DG_TAS1,0.0,0.0,0,0,0,0,-,-,-,-,-,-,-,-,-,-,-,-,-,-,-,-
D,DUNDWF2,9.948,9.948,0,0,0,0,-,-,-,-,-,-,-,-,-,-,-,-,-,-,-,-
D,DUNDWF3,70.519,70.488,0,0,0,0,-,-,-,-,-,-,-,-,-,-,-,-,-,-,-,-
D,GANNSF1,0.0,0.0,0,0,0,0,-,-,-,-,-,-,-,-,-,-,-,-,-,-,-,-
D,JLA04,0.0,0.0,0,0,0,0,-,-,-,-,-,-,-,-,-,-,-,-,-,-,-,-
D,JLB03,0.0,0.0,0,0,0,0,-,-,-,-,-,-,-,-,-,-,-,-,-,-,-,-
D,KIAMSF1,0.0,0.0,0,0,0,0,-,-,-,-,-,-,-,-,-,-,-,-,-,-,-,-
D,RT_SA1,0.0,0.0,0,0,0,0,-,-,-,-,-,-,-,-,-,-,-,-,-,-,-,-
D,RT_SA2,0.0,0.0,0,0,0,0,-,-,-,-,-,-,-,-,-,-,-,-,-,-,-,-
D,RT_SA5,0.0,0.0,0,0,0,0,-,-,-,-,-,-,-,-,-,-,-,-,-,-,-,-
D,RT_VIC2,0.0,0.0,0,0,0,0,-,-,-,-,-,-,-,-,-,-,-,-,-,-,-,-
D,TALWA1,0.0,0.0,0,0,0,0,-,-,-,-,-,-,-,-,-,-,-,-,-,-,-,-
D,URANQ13,0.0,0.0,0,0,0,0,-,-,-,-,-,-,-,-,-,-,-,-,-,-,-,-
D,URANQ14,0.0,0.0,0,0,0,0,-,-,-,-,-,-,-,-,-,-,-,-,-,-,-,-
D,BDL02,0.0,0.0,0,0,0,0,-,-,-,-,-,-,-,-,-,-,-,-,-,-,-,-
D,CG1,0.0,0.0,0,0,0,0,-,-,-,-,-,-,-,-,-,-,-,-,-,-,-,-
D,CLEMGPWF,51.8223,51.8223,0,0,0,0,-,-,-,-,-,-,-,-,-,-,-,-,-,-,-,-
D,CSPVPS1,0.0,0.0,0,0,0,0,-,-,-,-,-,-,-,-,-,-,-,-,-,-,-,-
D,DAYDSF1,0.0,0.0,0,0,0,0,-,-,-,-,-,-,-,-,-,-,-,-,-,-,-,-
D,DG_VIC1,0.0,0.0,0,0,0,0,-,-,-,-,-,-,-,-,-,-,-,-,-,-,-,-
D,ELAINWF1,64.999,64.999,0,0,0,0,-,-,-,-,-,-,-,-,-,-,-,-,-,-,-,-
D,GRANWF1,0.0,0.0,0,0,0,0,-,-,-,-,-,-,-,-,-,-,-,-,-,-,-,-
D,JLA03,0.0,0.0,0,0,0,0,-,-,-,-,-,-,-,-,-,-,-,-,-,-,-,-
D,LADBROK2,0.0,0.0,0,0,0,0,-,-,-,-,-,-,-,-,-,-,-,-,-,-,-,-
D,LIMOSF11,0.0,0.0,0,0,0,0,-,-,-,-,-,-,-,-,-,-,-,-,-,-,-,-
D,MACARTH1,0.0,0.0,0,0,0,0,-,-,-,-,-,-,-,-,-,-,-,-,-,-,-,-
D,MERCER01,123.8,123.8,0,0,0,0,-,-,-,-,-,-,-,-,-,-,-,-,-,-,-,-
D,NUMURSF1,0.0,0.0,0,0,0,0,-,-,-,-,-,-,-,-,-,-,-,-,-,-,-,-
D,RRSF1,0.0,0.0,0,0,0,0,-,-,-,-,-,-,-,-,-,-,-,-,-,-,-,-
D,RT_NSW6,0.0,0.0,0,0,0,0,-,-,-,-,-,-,-,-,-,-,-,-,-,-,-,-
D,RT_VIC1,0.0,0.0,0,0,0,0,-,-,-,-,-,-,-,-,-,-,-,-,-,-,-,-
D,RT_VIC11,0.0,0.0,0,0,0,0,-,-,-,-,-,-,-,-,-,-,-,-,-,-,-,-
D,SALTCRK1,45.359,45.359,0,0,0,0,-,-,-,-,-,-,-,-,-,-,-,-,-,-,-,-
D,TNPS1,390.5125201907348,387.90002,0,0,0,0,-,-,-,-,-,-,-,-,-,-,-,-,-,-,-,-
D,WATERLWF,105.10987663,105.10988,0,0,0,0,-,-,-,-,-,-,-,-,-,-,-,-,-,-,-,-
D,L,5.0,-,0,0,0,0,-,-,-,-,-,-,-,-,-,-,-,-,-,-,-,-
