I,DUID,TOTALCLEARED,RECORD,DAILY ENERGY,DAILY ENERGY RECORD,RAISEREG,AEMO RAISEREG,RAISE6SEC,AEMO RAISE6SEC,RAISE60SEC,AEMO RAISE60SEC,RAISE5MIN,AEMO RAISE5MIN,LOWERREG,AEMO LOWERREG,LOWER6SEC,AEMO LOWER6SEC,LOWER60SEC,AEMO LOWER60SEC,LOWER5MIN,AEMO LOWER5MIN
D,ARWF1,125.03572138,94.76,0,0,-,-,-,-,-,-,-,-,-,-,-,-,-,-,-,-
D,ASNENC1,0,0.0,0,0,-,-,39.05423000000002,48.0,30.0,30.0,23.0,23.0,-,-,-,-,-,-,-,-
D,ASSEL1,0,0.0,0,0,-,-,-,-,0.0,0.0,0.0,0.0,-,-,-,-,0.0,0.0,0.0,0.0
D,ASSENC1,0,0.0,0,0,-,-,0.0,0.0,0.0,0.0,0.0,0.0,-,-,-,-,-,-,-,-
D,BALBG1,0.0,0.0,0,0,0.0,0.0,20.0,20.0,30.0,30.0,30.0,30.0,0.0,0.0,-,-,-,-,-,-
D,BALBL1,0.0,0.0,0,0,28.0,0.0,-,-,-,-,-,-,0,0.0,10.0,10.0,30.0,30.0,20.0,20.47053
D,BARCALDN,0.0,0.0,0,0,-,-,-,-,-,-,-,-,-,-,-,-,-,-,-,-
D,BBTHREE2,0.0,0.0,0,0,-,-,-,-,-,-,-,-,-,-,-,-,-,-,-,-
D,BERYLSF1,84.064,83.925,0,0,-,-,-,-,-,-,-,-,-,-,-,-,-,-,-,-
D,BLUFF1,40.0,20.0,0,0,-,-,-,-,-,-,-,-,-,-,-,-,-,-,-,-
D,BODWF1,12.021,21.653,0,0,-,-,-,-,-,-,-,-,-,-,-,-,-,-,-,-
D,BRAEMAR1,0.0,0.0,0,0,0,0.0,0,0.0,0,0.0,0,0.0,0,0.0,0,0.0,0,0.0,0,0.0
D,BRAEMAR2,0.0,0.0,0,0,0,0.0,0,0.0,0,0.0,0,0.0,0,0.0,0,0.0,0,0.0,0,0.0
D,BRAEMAR3,0.0,0.0,0,0,0,0.0,0,0.0,0,0.0,0,0.0,0,0.0,0,0.0,0,0.0,0,0.0
D,BRAEMAR6,0.0,0.0,0,0,-,-,-,-,-,-,-,-,-,-,-,-,-,-,-,-
D,BW01,535.184862876692,500.0,0,0,25.0,25.0,0,0.0,0,0.0,0,0.0,10.0,10.0,0,0.0,0,0.0,0,0.0
D,BW03,0.0,0.0,0,0,0,0.0,0,0.0,0,0.0,0,0.0,0,0.0,0,0.0,0,0.0,0,0.0
D,CG4,0.0,0.0,0,0,-,-,-,-,-,-,-,-,-,-,-,-,-,-,-,-
D,CLERMSF1,0.0,61.292,0,0,-,-,-,-,-,-,-,-,-,-,-,-,-,-,-,-
D,CROWLWF1,28.802,31.526,0,0,-,-,-,-,-,-,-,-,-,-,-,-,-,-,-,-
D,DEVILS_G,56.0,56.0,0,0,0.0,0.0,0.0,0.0,0.0,0.0,0.0,0.0,6.0,6.0,0.0,0.0,0.0,0.0,0.0,0.0
D,EILDON1,0.0,0.0,0,0,0,0.0,0,0.0,0,0.0,0,0.0,0,0.0,0.0,0.0,5.0,0.0,-,-
D,EILDON2,0.0,0.0,0,0,0,0.0,0,0.0,0,0.0,0,0.0,0,0.0,0.0,0.0,5.0,0.0,-,-
D,ER01,400.0,325.61005,0,0,7.0,7.0,0.0,12.0,8.054230000000018,12.0,0.0,0.0,0.0,1.27921,0.0,0.0,0.0,0.0,0.0,0.0
D,ER02,330.0,280.0,0,0,7.0,7.0,0.0,12.0,0.0,12.0,0.0,0.0,0.0,0.0,0.0,0.0,0.0,0.0,0.0,0.0
D,ER03,282.0,282.0,0,0,7.0,7.0,0.0,12.0,12.0,12.0,0.0,0.0,0.0,2.0,0.0,0.0,0.0,0.0,0.0,0.0
D,ER04,282.0,282.0,0,0,7.0,7.0,0.0,12.0,0.0,12.0,0.0,0.0,0.0,0.0,0.0,0.0,0.0,0.0,0.0,0.0
D,FINLYSF1,104.999,115.421,0,0,-,-,-,-,-,-,-,-,-,-,-,-,-,-,-,-
D,GANNBG1,0.0,0.0,0,0,3.0,10.0,-,-,-,-,-,-,0,0.0,-,-,-,-,-,-
D,GORDON,108.0,108.0,0,0,0.0,0.0,0.0,0.0,0.0,0.0,0.0,0.0,0.0,0.0,0.0,0.0,0.0,0.0,0.0,0.0
D,GSTONE1,125.0,130.0,0,0,10.0,10.0,5.0,5.0,5.0,15.0,0,0.0,5.0,0.0,15.0,10.0,15.0,10.0,0,0.0
D,GSTONE4,150.0,150.0,0,0,10.0,10.0,5.0,0.0,5.0,0.0,0,0.0,0.0,0.0,15.0,15.71429,20.0,20.0,0,0.0
D,GSTONE6,125.0,130.0,0,0,10.0,10.0,5.0,5.0,5.0,15.0,0,0.0,5.0,0.0,10.136349999999993,10.0,15.136349999999993,10.0,0,0.0
D,GULLRSF1,9.919,9.825,0,0,-,-,-,-,-,-,-,-,-,-,-,-,-,-,-,-
D,GULLRWF1,3.286,1.688,0,0,-,-,-,-,-,-,-,-,-,-,-,-,-,-,-,-
D,HDWF1,68.12,81.943,0,0,0,0.0,-,-,-,-,-,-,0,0.0,-,-,-,-,-,-
D,HDWF2,72.03,87.644,0,0,0,0.0,-,-,0,0.0,0,0.0,0,0.0,-,-,0.0,0.0,0.0,0.0
D,HDWF3,74.19,85.022,0,0,0,0.0,-,-,-,-,-,-,0,0.0,-,-,-,-,-,-
D,HPRL1,40.0,0.0,0,0,0.0,0.0,-,-,-,-,-,-,0.0,25.0,40.0,40.0,18.0,18.0,39.0,39.0
D,JBUTTERS,10.0,10.0,0,0,25.0,25.0,2.0,4.22558,70.0,74.67039,39.470519999999965,88.47052,0.0,0.0,0.0,0.0,0.0,0.0,0.0,0.0
D,LBBG1,0.0,0.0,0,0,0.0,0.0,15.0,0.0,4.0,4.0,10.0,10.0,0.0,0.0,-,-,-,-,-,-
D,LBBL1,25.0,0.0,0,0,0.0,0.0,-,-,-,-,-,-,0.0,12.0,0.0,0.0,0.0,0.0,0.0,0.0
D,LD01,320.0,320.0,0,0,0.0,0.0,10.0,0.0,10.0,0.0,0,0.0,1.0,1.0,5.0,5.0,10.0,10.0,0,0.0
D,LD02,270.0,270.0,0,0,0.0,0.0,10.0,0.0,10.0,0.0,0,0.0,1.0,1.0,5.0,5.0,10.0,10.0,0,0.0
D,LD03,400.0,400.0,0,0,0.0,0.0,10.0,0.0,10.0,0.0,0,0.0,1.0,1.0,5.0,8.71466,10.0,10.0,0,0.0
D,LD04,0.0,0.0,0,0,0,0.0,0,0.0,0,0.0,0,0.0,0,0.0,0,0.0,0,0.0,0,0.0
D,LIMOSF21,0.0,0.654,0,0,-,-,-,-,-,-,-,-,-,-,-,-,-,-,-,-
D,LKBONNY2,0.0,70.57565,0,0,-,-,-,-,-,-,-,-,-,-,-,-,-,-,-,-
D,LNGS1,0.0,0.0,0,0,-,-,-,-,-,-,-,-,-,-,-,-,-,-,-,-
D,LOYYB1,0.0,0.0,0,0,0,0.0,0,0.0,0,0.0,0,0.0,0,0.0,0,0.0,0,0.0,0,0.0
D,LOYYB2,580.0,580.0,0,0,0.0,0.0,5.0,5.0,5.0,5.0,5.0,5.0,0.0,15.0,14.0,14.0,20.0,20.0,40.0,40.0
D,LYA2,530.0,530.0,0,0,0.0,0.0,5.0,0.0,5.0,0.0,0.0,0.0,10.0,10.0,5.0,10.0,10.0,10.0,10.0,10.0
D,LYA3,560.0,560.0,0,0,0.0,0.0,0,0.0,0,0.0,0,0.0,10.0,10.0,0,0.0,0,0.0,0,0.0
D,LYA4,560.0,560.0,0,0,0.0,0.0,5.0,0.0,5.0,0.0,0.0,0.0,10.0,10.0,5.0,10.0,10.0,10.0,10.0,10.0
D,MACKNTSH,0.0,0.0,0,0,0,0.0,0,0.0,0,0.0,0,0.0,0,0.0,0,0.0,0,0.0,0,0.0
D,MCKAY1,0.0,0.0,0,0,0,0.0,0,0.0,0,0.0,0,0.0,0.0,0.0,0.0,0.0,0.0,0.0,-,-
D,MEADOWBK,0.0,0.0,0,0,0,0.0,0,0.0,0,0.0,0,0.0,0,0.0,0,0.0,0,0.0,0,0.0
D,MP1,365.0,365.0,0,0,0.0,0.0,0.0,0.0,0.0,0.0,0.0,0.0,0,0.0,0,0.0,0,0.0,0,0.0
D,MP2,380.0,350.0,0,0,0.0,16.0,20.0,30.0,20.0,20.0,0.0,0.0,0,0.0,0.0,40.0,31.91789,50.53043,40.0,50.0
D,MPP_2,330.0,330.0,0,0,0,0.0,-,-,-,-,-,-,0,0.0,-,-,-,-,-,-
D,MSTUART1,0.0,0.0,0,0,0,0.0,-,-,-,-,-,-,0,0.0,-,-,-,-,-,-
D,MUWAWF1,74.655,72.305,0,0,-,-,-,-,-,-,-,-,-,-,-,-,-,-,-,-
D,NPS,0.0,0.0,0,0,-,-,0,0.0,0,0.0,-,-,-,-,0,0.0,0,0.0,-,-
D,NYNGAN1,101.486,101.993,0,0,-,-,-,-,-,-,-,-,-,-,-,-,-,-,-,-
D,OAKEY2,0.0,0.0,0,0,0,0.0,-,-,0,0.0,0,0.0,0,0.0,-,-,0,0.0,0,0.0
D,POAT220,1.0,1.0,0,0,0.0,0.0,0,0.0,7.0,7.0,40.0,0.0,0.0,0.0,0.0,0.0,0.0,0.0,0.0,0.0
D,POR01,0.0,0.0,0,0,-,-,-,-,-,-,-,-,-,-,-,-,-,-,-,-
D,PPCCGT,0.0,175.0,0,0,0,0.0,0,0.0,0,0.0,0,0.0,0,0.0,0,0.0,0,0.0,0,0.0
D,PUMP1,0.0,0.0,0,0,-,-,0,0.0,0,0.0,0,0.0,-,-,-,-,-,-,-,-
D,QPS2,0.0,0.0,0,0,-,-,-,-,-,-,-,-,-,-,-,-,-,-,-,-
D,QPS5,0.0,0.0,0,0,0,0.0,0,0.0,-,-,-,-,0,0.0,0,0.0,-,-,-,-
D,REECE1,0.0,0.0,0,0,0,0.0,0,0.0,0,0.0,0,0.0,0,0.0,0,0.0,0,0.0,0,0.0
D,REECE2,0.0,0.0,0,0,0,0.0,0.0,20.0,0,0.0,0,0.0,0,0.0,0,0.0,0,0.0,0,0.0
D,RT_VIC12,0.0,0.0,0,0,-,-,-,-,-,-,-,-,-,-,-,-,-,-,-,-
D,RT_VIC3,0.0,0.0,0,0,-,-,-,-,-,-,-,-,-,-,-,-,-,-,-,-
D,RT_VIC4,0.0,0.0,0,0,-,-,-,-,-,-,-,-,-,-,-,-,-,-,-,-
D,SNOWNTH1,0.0,62.62726,0,0,-,-,-,-,-,-,-,-,-,-,-,-,-,-,-,-
D,STAN-1,220.0,220.0,0,0,0,0.0,0,0.0,0,0.0,-,-,0,0.0,0,0.0,0,0.0,0,0.0
D,STAN-2,0.0,0.0,0,0,0,0.0,0,0.0,0,0.0,-,-,0,0.0,0,0.0,0,0.0,0,0.0
D,STAN-3,220.0,220.0,0,0,0.0,0.0,5.0,5.0,5.0,5.0,-,-,11.0,1.0,15.0,15.0,15.0,15.0,0.0,0.0
D,TARONG#4,225.0,225.0,0,0,0.0,0.0,10.0,10.0,5.0,5.0,5.0,5.0,11.0,0.0,20.0,8.57143,15.0,6.42857,0.0,0.0
D,TORRA1,0.0,0.0,0,0,0,0.0,0,0.0,0,0.0,-,-,0,0.0,0,0.0,0,0.0,-,-
D,TORRA2,0.0,0.0,0,0,0,0.0,0,0.0,0,0.0,-,-,0,0.0,0,0.0,0,0.0,-,-
D,TORRA3,0.0,0.0,0,0,0,0.0,0,0.0,0,0.0,-,-,0,0.0,0,0.0,0,0.0,-,-
D,TORRB1,0.0,0.0,0,0,0,0.0,0,0.0,0,0.0,0,0.0,0,0.0,0,0.0,0,0.0,0,0.0
D,TORRB2,0.0,0.0,0,0,0,0.0,0,0.0,0,0.0,0,0.0,0,0.0,0,0.0,0,0.0,0,0.0
D,TORRB3,60.0,60.0,0,0,0.0,5.0,5.0,5.0,20.0,27.27273,0.0,0.0,10.0,0.0,10.0,10.0,10.0,10.0,10.0,0.0
D,TORRB4,40.0,40.0,0,0,0.0,0.0,5.0,0.0,20.0,0.0,0,0.0,0.0,0.0,10.0,0.0,10.0,0.0,0,0.0
D,TRIBUTE,84.0,84.0,0,0,0.0,0.0,0.0,1.84615,0.0,0.0,0.0,0.0,15.0,15.0,0.0,0.0,0.0,42.66667,0.0,0.0
D,TUMUT3,0.0,0.0,0,0,0,0.0,0,0.0,0,0.0,10.0,10.0,0,0.0,0,0.0,0,0.0,0,0.0
D,TUNGATIN,5.0,5.0,0,0,0.0,0.0,25.0,25.0,10.0,10.0,0.0,0.0,4.0,4.0,0.0,0.0,0.0,0.0,4.0310077519379846,0.0
D,UPPTUMUT,215.0,115.0,0,0,6.0,6.0,0,0.0,0,0.0,6.0,6.0,13.0,20.0,0,0.0,0,0.0,20.0,20.0
D,VP6,600.0,550.0,0,0,0.0,0.0,0.0,15.0,15.0,15.0,10.0,10.0,0.0,0.0,0.0,0.0,0.0,0.0,0.0,0.0
D,VPGS2,0.0,0.0,0,0,-,-,-,-,-,-,-,-,-,-,-,-,-,-,-,-
D,VSSAE1V1,0,0.0,0,0,-,-,0.0,0.0,0.0,0.0,0.0,0.0,-,-,0.0,0.0,0.0,0.0,0.0,0.0
D,VSSEL1V1,0,0.0,0,0,-,-,4.0,0.0,4.0,0.0,4.0,0.0,-,-,4.0,0.0,4.0,0.0,4.0,0.0
D,W/HOE#1,0.0,0.0,0,0,-,-,-,-,0,0.0,0,0.0,-,-,-,-,-,-,-,-
D,W/HOE#2,0.0,0.0,0,0,-,-,-,-,0,0.0,0,0.0,-,-,-,-,-,-,-,-
D,WHITSF1,0.0,0.0,0,0,-,-,-,-,-,-,-,-,-,-,-,-,-,-,-,-
D,WKIEWA1,0.0,0.0,0,0,0,0.0,0,0.0,0,0.0,-,-,0,0.0,0.0,0.0,2.0,0.0,-,-
D,WKIEWA2,0.0,0.0,0,0,0,0.0,0,0.0,0,0.0,-,-,0,0.0,0,0.0,0,0.0,-,-
D,WRSF1,19.999,7.791,0,0,-,-,-,-,-,-,-,-,-,-,-,-,-,-,-,-
D,YWPS1,0.0,0.0,0,0,0,0.0,0,0.0,0,0.0,0,0.0,0,0.0,0,0.0,0,0.0,0,0.0
D,YWPS2,350.0,350.0,0,0,0.0,0.0,0.0,0.0,0.0,0.0,0.0,0.0,0.0,0.0,0.4354600000000346,20.0,10.0,20.0,10.0,15.0
D,YWPS3,396.0,396.0,0,0,0,0.0,0.0,0.0,0.0,0.0,0,0.0,0,0.0,0,0.0,0,0.0,0,0.0
D,YWPS4,396.0,396.0,0,0,0,0.0,0.0,0.0,0.0,0.0,0,0.0,0,0.0,0,0.0,0,0.0,0,0.0
D,AGLSOM,40.0,40.0,0,0,-,-,-,-,-,-,-,-,-,-,-,-,-,-,-,-
D,APD01,0,0.0,0,0,-,-,30.0,30.0,40.0,50.0,65.0,65.0,-,-,0.0,0.0,0.0,0.0,0.0,0.0
D,ASNAES1,0,0.0,0,0,-,-,1.0,0.0,1.0,0.0,1.0,0.0,-,-,0.0,0.0,0.0,0.0,0.0,0.0
D,ASQENC1,0,0.0,0,0,-,-,15.0,15.0,7.0,7.0,8.0,8.0,-,-,-,-,-,-,-,-
D,ASTHYD1,0,0.0,0,0,-,-,50.0,24.472,-,-,-,-,-,-,-,-,-,-,-,-
D,BARKIPS1,0.0,0.0,0,0,0,0.0,0,0.0,0,0.0,0,0.0,0,0.0,0,0.0,0,0.0,0,0.0
D,BARRON-1,5.0,5.0,0,0,-,-,-,-,-,-,-,-,-,-,-,-,-,-,-,-
D,BASTYAN,0.0,0.0,0,0,0,0.0,0,0.0,0,0.0,0,0.0,0,0.0,0,0.0,0,0.0,0,0.0
D,BOCORWF1,17.057,16.421,0,0,-,-,-,-,-,-,-,-,-,-,-,-,-,-,-,-
D,BROKENH1,53.0,52.917,0,0,-,-,-,-,-,-,-,-,-,-,-,-,-,-,-,-
D,BW02,500.0,500.0,0,0,25.0,25.0,0,0.0,0,0.0,0,0.0,10.0,10.0,0,0.0,0,0.0,0,0.0
D,BW04,500.0,500.0,0,0,25.0,25.0,0,0.0,0,0.0,0,0.0,15.0,15.0,0,0.0,0,0.0,0,0.0
D,CALL_B_1,0.0,0.0,0,0,0,0.0,0,0.0,0,0.0,0,0.0,0,0.0,0,0.0,0,0.0,0,0.0
D,CALL_B_2,165.0,165.0,0,0,5.0,5.0,17.0,15.11111,17.0,15.11111,0,0.0,0.0,0.0,20.0,0.0,15.0,0.0,0,0.0
D,CTHLWF1,70.453,74.863,0,0,-,-,-,-,-,-,-,-,-,-,-,-,-,-,-,-
D,DALNTH01,0.0,0.0,0,0,-,-,30.0,27.0,30.0,27.0,30.0,27.0,-,-,-,-,-,-,-,-
D,DDPS1,0.0,0.0,0,0,0,0.0,-,-,-,-,-,-,0,0.0,-,-,-,-,-,-
D,DG_QLD1,0.0,0.0,0,0,-,-,-,-,-,-,-,-,-,-,-,-,-,-,-,-
D,DRYCGT3,0.0,0.0,0,0,-,-,-,-,-,-,-,-,-,-,-,-,-,-,-,-
D,EMERASF1,0.0,0.0,0,0,-,-,-,-,-,-,-,-,-,-,-,-,-,-,-,-
D,FISHER,10.0,5.0,0,0,0.0,0.0,0.0,0.0,0.0,0.0,0.0,0.0,0.0,0.0,0.0,0.0,0,0.0,0,0.0
D,GSTONE2,125.0,130.0,0,0,10.0,10.0,5.0,5.0,5.0,15.0,0,0.0,5.0,0.0,15.0,10.0,20.0,10.0,0,0.0
D,GSTONE3,0.0,0.0,0,0,0,0.0,0,0.0,0,0.0,0,0.0,0,0.0,0,0.0,0,0.0,0,0.0
D,GSTONE5,0.0,0.0,0,0,0,0.0,0,0.0,0,0.0,0,0.0,0,0.0,0,0.0,0,0.0,0,0.0
D,GUNNING1,0.367,0.689,0,0,-,-,-,-,-,-,-,-,-,-,-,-,-,-,-,-
D,GUTHEGA,0.0,0.0,0,0,0,0.0,-,-,0,0.0,0,0.0,0,0.0,-,-,0,0.0,0,0.0
D,HPRG1,0.0,30.0,0,0,0.0,0.0,61.0,61.0,18.0,18.0,39.0,39.0,0.0,0.0,-,-,-,-,-,-
D,JLB01,0.0,0.0,0,0,-,-,-,-,-,-,-,-,-,-,-,-,-,-,-,-
D,JLB02,0.0,0.0,0,0,-,-,-,-,-,-,-,-,-,-,-,-,-,-,-,-
D,KAREEYA2,0.0,0.0,0,0,-,-,-,-,-,-,-,-,-,-,-,-,-,-,-,-
D,KSP1,35.0,47.0,0,0,-,-,-,-,-,-,-,-,-,-,-,-,-,-,-,-
D,LADBROK1,0.0,0.0,0,0,-,-,-,-,-,-,-,-,-,-,-,-,-,-,-,-
D,LEM_WIL,77.0,77.0,0,0,0,0.0,0,0.0,0,0.0,0,0.0,0,0.0,0,0.0,0,0.0,0,0.0
D,LK_ECHO,0.0,0.0,0,0,-,-,-,-,-,-,-,-,-,-,-,-,-,-,-,-
D,LONSDALE,0.0,0.0,0,0,0,0.0,-,-,-,-,-,-,0,0.0,-,-,-,-,-,-
D,LYA1,560.0,560.0,0,0,0.0,0.0,5.0,0.0,5.0,0.0,0.0,0.0,10.0,10.0,0,0.0,0,0.0,0,0.0
D,MANSLR1,39.61,38.756,0,0,-,-,-,-,-,-,-,-,-,-,-,-,-,-,-,-
D,MOREESF1,48.46,50.195,0,0,-,-,-,-,-,-,-,-,-,-,-,-,-,-,-,-
D,MORTLK11,0.0,0.0,0,0,0,0.0,-,-,-,-,-,-,0,0.0,-,-,-,-,-,-
D,MORTLK12,0.0,0.0,0,0,0,0.0,-,-,-,-,-,-,0,0.0,-,-,-,-,-,-
D,MSTUART3,0.0,0.0,0,0,-,-,-,-,-,-,-,-,-,-,-,-,-,-,-,-
D,MTGELWF1,38.922,47.672,0,0,-,-,-,-,-,-,-,-,-,-,-,-,-,-,-,-
D,MURRAY,0.0,0.0,0,0,0,0.0,0,0.0,0,0.0,0,0.0,0,0.0,0,0.0,0,0.0,0,0.0
D,OAKEY1,0.0,0.0,0,0,0,0.0,-,-,0,0.0,0,0.0,0,0.0,-,-,0,0.0,0,0.0
D,OSB-AG,0.0,0.0,0,0,0,0.0,0,0.0,0,0.0,0,0.0,0,0.0,0,0.0,0,0.0,0,0.0
D,PUMP2,0.0,0.0,0,0,-,-,0,0.0,0,0.0,0,0.0,-,-,-,-,-,-,-,-
D,RT_NSW2,0.0,0.0,0,0,-,-,-,-,-,-,-,-,-,-,-,-,-,-,-,-
D,RT_VIC6,0.0,0.0,0,0,-,-,-,-,-,-,-,-,-,-,-,-,-,-,-,-
D,RT_VIC8,0.0,0.0,0,0,-,-,-,-,-,-,-,-,-,-,-,-,-,-,-,-
D,RUGBYR1,64.225,30.71656,0,0,-,-,-,-,-,-,-,-,-,-,-,-,-,-,-,-
D,SNOWTWN1,0.0,0.0,0,0,-,-,-,-,-,-,-,-,-,-,-,-,-,-,-,-
D,STAN-4,220.0,220.0,0,0,0.0,0.0,5.0,5.0,5.0,5.0,-,-,11.0,5.72079,15.0,15.0,15.0,15.0,0.0,0.0
D,STWF1,26.315,42.909,0,0,-,-,-,-,-,-,-,-,-,-,-,-,-,-,-,-
D,SWAN_E,0.0,0.0,0,0,0,0.0,-,-,0,0.0,-,-,0,0.0,-,-,0,0.0,-,-
D,TARALGA1,0.0,0.448,0,0,-,-,-,-,-,-,-,-,-,-,-,-,-,-,-,-
D,TARONG#2,225.0,225.0,0,0,0.0,0.0,10.0,10.0,5.0,5.0,5.0,5.0,11.0,0.0,20.0,8.57143,15.0,6.42857,0.0,0.0
D,TARONG#3,225.0,225.0,0,0,0,0.0,0,0.0,0,0.0,0,0.0,0,0.0,0,0.0,0,0.0,0,0.0
D,TREVALLN,53.0,53.0,0,0,0.0,0.0,0.0,5.29412,0.0,0.0,1.0,0.0,0.0,0.0,0.0,0.0,0.0,0.0,0.0,0.0
D,URANQ11,0.0,0.0,0,0,-,-,-,-,-,-,-,-,-,-,-,-,-,-,-,-
D,VENUS1,0,0.0,0,0,-,-,20.0,20.0,14.0,14.0,7.0,7.0,-,-,-,-,-,-,-,-
D,VP5,0.0,0.0,0,0,0,0.0,0,0.0,0,0.0,0,0.0,0,0.0,0,0.0,0,0.0,0,0.0
D,WGWF1,0.0,102.196,0,0,-,-,-,-,-,-,-,-,-,-,-,-,-,-,-,-
D,WRWF1,1.188,0.242,0,0,-,-,-,-,-,-,-,-,-,-,-,-,-,-,-,-
D,YARANSF1,0.0,0.0,0,0,-,-,-,-,-,-,-,-,-,-,-,-,-,-,-,-
D,BULGANA1,67.103,65.104,0,0,-,-,-,-,-,-,-,-,-,-,-,-,-,-,-,-
D,CETHANA,80.0,80.0,0,0,0.0,0.0,8.0,2.10526,0.0,0.0,0.0,0.0,25.0,25.0,0.0,0.0,0.0,14.0,0.0,0.0
D,CHILDSF1,44.383,40.918,0,0,-,-,-,-,-,-,-,-,-,-,-,-,-,-,-,-
D,COOPGWF1,12.863,1.834,0,0,-,-,-,-,-,-,-,-,-,-,-,-,-,-,-,-
D,CPP_3,215.0,215.0,0,0,-,-,-,-,-,-,-,-,-,-,-,-,-,-,-,-
D,DARTM1,0.0,0.0,0,0,0,0.0,0,0.0,0,0.0,0,0.0,0,0.0,0,0.0,0,0.0,-,-
D,DRYCGT2,0.0,0.0,0,0,-,-,-,-,-,-,-,-,-,-,-,-,-,-,-,-
D,GOONSF1,61.653,61.499,0,0,-,-,-,-,-,-,-,-,-,-,-,-,-,-,-,-
D,HAYMSF1,15.417679838762439,42.424,0,0,-,-,-,-,-,-,-,-,-,-,-,-,-,-,-,-
D,HVGTS,0.0,0.0,0,0,-,-,-,-,-,-,-,-,-,-,-,-,-,-,-,-
D,KAREEYA4,5.0,5.0,0,0,-,-,-,-,-,-,-,-,-,-,-,-,-,-,-,-
D,LI_WY_CA,89.0,89.0,0,0,0,0.0,0.0,0.0,0.0,0.0,0.0,0.0,0,0.0,0.0,0.0,0.0,0.0,47.43952224806201,50.0
D,MARYRSF1,15.0,15.0,0,0,-,-,-,-,-,-,-,-,-,-,-,-,-,-,-,-
D,MUSSELR1,50.021,40.585,0,0,-,-,-,-,-,-,-,-,-,-,-,-,-,-,-,-
D,OAKEY2SF,35.657,37.492,0,0,-,-,-,-,-,-,-,-,-,-,-,-,-,-,-,-
D,OAKLAND1,29.94,19.652,0,0,-,-,-,-,-,-,-,-,-,-,-,-,-,-,-,-
D,POAT110,0.0,0.0,0,0,0.0,0.0,0,0.0,0,0.0,0,0.0,0,0.0,0,0.0,0,0.0,0,0.0
D,RT_NSW1,0.0,0.0,0,0,-,-,-,-,-,-,-,-,-,-,-,-,-,-,-,-
D,RT_SA6,0.0,0.0,0,0,-,-,-,-,-,-,-,-,-,-,-,-,-,-,-,-
D,SITHE01,0.0,0.0,0,0,-,-,-,-,-,-,-,-,-,-,-,-,-,-,-,-
D,SNOWYP,0.0,0.0,0,0,-,-,0,0.0,0,0.0,0,0.0,-,-,-,-,-,-,0,0.0
D,SRSF1,62.768,54.435,0,0,-,-,-,-,-,-,-,-,-,-,-,-,-,-,-,-
D,TORRA4,0.0,0.0,0,0,0,0.0,0,0.0,0,0.0,-,-,0,0.0,0,0.0,0,0.0,-,-
D,TVCC201,0.0,0.0,0,0,-,-,-,-,-,-,-,-,-,-,0,0.0,0,0.0,0,0.0
D,VPGS4,0.0,0.0,0,0,-,-,-,-,-,-,-,-,-,-,-,-,-,-,-,-
D,VPGS6,0.0,0.0,0,0,-,-,-,-,-,-,-,-,-,-,-,-,-,-,-,-
D,AGLHAL,0.0,0.0,0,0,-,-,-,-,-,-,-,-,-,-,-,-,-,-,-,-
D,BDL01,0.0,0.0,0,0,-,-,-,-,-,-,-,-,-,-,-,-,-,-,-,-
D,BNGSF1,83.308,69.772,0,0,-,-,-,-,-,-,-,-,-,-,-,-,-,-,-,-
D,BRAEMAR5,0.0,0.0,0,0,-,-,-,-,-,-,-,-,-,-,-,-,-,-,-,-
D,BRAEMAR7,0.0,0.0,0,0,-,-,-,-,-,-,-,-,-,-,-,-,-,-,-,-
D,CG2,0.0,0.0,0,0,-,-,-,-,-,-,-,-,-,-,-,-,-,-,-,-
D,CHYTWF1,10.057,10.273,0,0,-,-,-,-,-,-,-,-,-,-,-,-,-,-,-,-
D,CPP_4,0.0,0.0,0,0,-,-,-,-,-,-,-,-,-,-,-,-,-,-,-,-
D,CPSA,0.0,0.0,0,0,-,-,-,-,-,-,-,-,-,-,-,-,-,-,-,-
D,DALNTHL1,5.0,5.0,0,0,-,-,-,-,-,-,-,-,-,-,24.0,17.0,24.0,17.0,5.0,5.0
D,DARLSF1,0.0,0.0,0,0,-,-,-,-,-,-,-,-,-,-,-,-,-,-,-,-
D,GULLRWF2,0.0,0.0,0,0,-,-,-,-,-,-,-,-,-,-,-,-,-,-,-,-
D,HALLWF2,50.0,36.947,0,0,-,-,-,-,-,-,-,-,-,-,-,-,-,-,-,-
D,JLA01,0.0,0.0,0,0,-,-,-,-,-,-,-,-,-,-,-,-,-,-,-,-
D,KIATAWF1,16.559,16.92,0,0,-,-,-,-,-,-,-,-,-,-,-,-,-,-,-,-
D,LKBONNY3,0.0,17.31101,0,0,-,-,-,-,-,-,-,-,-,-,-,-,-,-,-,-
D,MACKAYGT,0.0,0.0,0,0,-,-,-,-,-,-,13.0,13.0,-,-,-,-,-,-,-,-
D,NBHWF1,77.523,42.097,0,0,-,-,-,-,-,-,-,-,-,-,-,-,-,-,-,-
D,PARSF1,46.41,45.457,0,0,-,-,-,-,-,-,-,-,-,-,-,-,-,-,-,-
D,POR03,0.0,0.0,0,0,-,-,-,-,-,-,-,-,-,-,-,-,-,-,-,-
D,QPS1,0.0,0.0,0,0,-,-,-,-,-,-,-,-,-,-,-,-,-,-,-,-
D,QPS4,0.0,0.0,0,0,-,-,-,-,-,-,-,-,-,-,-,-,-,-,-,-
D,ROMA_7,0.0,0.0,0,0,-,-,-,-,-,-,-,-,-,-,-,-,-,-,-,-
D,RT_NSW5,0.0,0.0,0,0,-,-,-,-,-,-,-,-,-,-,-,-,-,-,-,-
D,RT_VIC5,0.0,0.0,0,0,-,-,-,-,-,-,-,-,-,-,-,-,-,-,-,-
D,RT_VIC9,0.0,0.0,0,0,-,-,-,-,-,-,-,-,-,-,-,-,-,-,-,-
D,SHGEN,0.0,0.0,0,0,-,-,-,-,-,-,-,-,-,-,-,-,-,-,-,-
D,SNOWYGJP,0,0.0,0,0,-,-,0.0,0.0,0.0,0.0,0.0,0.0,-,-,-,-,-,-,-,-
D,SNUG1,0.0,0.0,0,0,-,-,-,-,-,-,-,-,-,-,-,-,-,-,-,-
D,TARONG#1,160.0,175.0,0,0,0,0.0,0,0.0,0,0.0,0,0.0,0,0.0,0,0.0,0,0.0,0,0.0
D,TARRALEA,75.2,75.2,0,0,-,-,-,-,-,-,-,-,-,-,0,0.0,-,-,-,-
D,WOODLWN1,0.0,1.61,0,0,-,-,-,-,-,-,-,-,-,-,-,-,-,-,-,-
D,YARWUN_1,0.0,0.0,0,0,-,-,-,-,-,-,-,-,-,-,-,-,-,-,-,-
D,BANN1,72.2557678,69.464,0,0,-,-,-,-,-,-,-,-,-,-,-,-,-,-,-,-
D,CG3,0.0,0.0,0,0,-,-,-,-,-,-,-,-,-,-,-,-,-,-,-,-
D,DDSF1,107.77228546,107.838,0,0,-,-,-,-,-,-,-,-,-,-,-,-,-,-,-,-
D,DG_NSW1,0.0,0.0,0,0,-,-,-,-,-,-,-,-,-,-,-,-,-,-,-,-
D,DRYCGT1,0.0,0.0,0,0,-,-,-,-,-,-,-,-,-,-,-,-,-,-,-,-
D,DUNDWF1,56.541999999999994,58.195,0,0,-,-,-,-,-,-,-,-,-,-,-,-,-,-,-,-
D,GANNBL1,10.0,10.0,0,0,10.0,10.0,-,-,-,-,-,-,0,0.0,-,-,-,-,-,-
D,HAMISF1,46.41,45.912,0,0,-,-,-,-,-,-,-,-,-,-,-,-,-,-,-,-
D,HAUGHT11,96.109,20.001,0,0,-,-,-,-,-,-,-,-,-,-,-,-,-,-,-,-
D,KAREEYA1,0.0,0.0,0,0,-,-,-,-,-,-,-,-,-,-,-,-,-,-,-,-
D,KAREEYA3,0.0,0.0,0,0,-,-,-,-,-,-,-,-,-,-,-,-,-,-,-,-
D,KARSF1,75.474,71.946,0,0,-,-,-,-,-,-,-,-,-,-,-,-,-,-,-,-
D,KPP_1,600.0,600.0,0,0,-,-,-,-,-,-,-,-,-,-,-,-,-,-,-,-
D,LGAPWF1,0.0,0.0,0,0,-,-,-,-,-,-,-,-,-,-,-,-,-,-,-,-
D,LILYSF1,2.0,2.0,0,0,-,-,-,-,-,-,-,-,-,-,-,-,-,-,-,-
D,LNGS2,0.0,0.0,0,0,-,-,-,-,-,-,-,-,-,-,-,-,-,-,-,-
D,MEWF1,0.0,0.0,0,0,-,-,-,-,-,-,-,-,-,-,-,-,-,-,-,-
D,MINTARO,0.0,0.0,0,0,-,-,-,-,-,-,-,-,-,-,-,-,-,-,-,-
D,MPP_1,320.0,310.0,0,0,0,0.0,-,-,-,-,-,-,0,0.0,-,-,-,-,-,-
D,MSTUART2,0.0,0.0,0,0,0,0.0,-,-,-,-,-,-,0,0.0,-,-,-,-,-,-
D,OAKEY1SF,1.0,1.0,0,0,-,-,-,-,-,-,-,-,-,-,-,-,-,-,-,-
D,PTSTAN1,0.0,0.0,0,0,-,-,-,-,-,-,-,-,-,-,-,-,-,-,-,-
D,RT_NSW3,0.0,0.0,0,0,-,-,-,-,-,-,-,-,-,-,-,-,-,-,-,-
D,RT_SA3,0.0,0.0,0,0,-,-,-,-,-,-,-,-,-,-,-,-,-,-,-,-
D,RT_TAS1,0.0,0.0,0,0,-,-,-,-,-,-,-,-,-,-,-,-,-,-,-,-
D,RT_VIC10,0.0,0.0,0,0,-,-,-,-,-,-,-,-,-,-,-,-,-,-,-,-
D,SNOWSTH1,0.0,0.0,0,0,-,-,-,-,-,-,-,-,-,-,-,-,-,-,-,-
D,VPGS1,0.0,0.0,0,0,-,-,-,-,-,-,-,-,-,-,-,-,-,-,-,-
D,WEMENSF1,71.53,75.708,0,0,-,-,-,-,-,-,-,-,-,-,-,-,-,-,-,-
D,BBTHREE3,0.0,0.0,0,0,-,-,-,-,-,-,-,-,-,-,-,-,-,-,-,-
D,CLARESF1,64.9,65.0,0,0,-,-,-,-,-,-,-,-,-,-,-,-,-,-,-,-
D,CROOKWF2,0.001,0.967,0,0,-,-,-,-,-,-,-,-,-,-,-,-,-,-,-,-
D,DG_SA1,0.0,0.0,0,0,-,-,-,-,-,-,-,-,-,-,-,-,-,-,-,-
D,HALLWF1,60.0,30.0,0,0,-,-,-,-,-,-,-,-,-,-,-,-,-,-,-,-
D,HUMENSW,0.0,0.0,0,0,-,-,-,-,-,-,-,-,-,-,-,-,-,-,-,-
D,HUMEV,0.0,0.0,0,0,-,-,-,-,-,-,-,-,-,-,-,-,-,-,-,-
D,JLA02,0.0,0.0,0,0,-,-,-,-,-,-,-,-,-,-,-,-,-,-,-,-
D,NEVERSF1,0.0,0.0,0,0,-,-,-,-,-,-,-,-,-,-,-,-,-,-,-,-
D,QPS3,0.0,0.0,0,0,-,-,-,-,-,-,-,-,-,-,-,-,-,-,-,-
D,ROMA_8,0.0,0.0,0,0,-,-,-,-,-,-,-,-,-,-,-,-,-,-,-,-
D,RT_NSW4,0.0,0.0,0,0,-,-,-,-,-,-,-,-,-,-,-,-,-,-,-,-
D,RT_QLD1,0.0,0.0,0,0,-,-,-,-,-,-,-,-,-,-,-,-,-,-,-,-
D,RT_SA4,0.0,0.0,0,0,-,-,-,-,-,-,-,-,-,-,-,-,-,-,-,-
D,RT_VIC7,0.0,0.0,0,0,-,-,-,-,-,-,-,-,-,-,-,-,-,-,-,-
D,SAPHWF1,2.28,1.312,0,0,-,-,-,-,-,-,-,-,-,-,-,-,-,-,-,-
D,SHPUMP,0.0,0.0,0,0,-,-,-,-,-,-,-,-,-,-,-,-,-,-,-,-
D,SMCSF1,41.78,0.0,0,0,-,-,-,-,-,-,-,-,-,-,-,-,-,-,-,-
D,TBSF1,0.0,0.0,0,0,-,-,-,-,-,-,-,-,-,-,-,-,-,-,-,-
D,TVPP104,0.0,0.0,0,0,-,-,-,-,-,-,-,-,-,-,-,-,-,-,-,-
D,URANQ12,0.0,0.0,0,0,-,-,-,-,-,-,-,-,-,-,-,-,-,-,-,-
D,VPGS3,0.0,0.0,0,0,-,-,-,-,-,-,-,-,-,-,-,-,-,-,-,-
D,VPGS5,0.0,0.0,0,0,-,-,-,-,-,-,-,-,-,-,-,-,-,-,-,-
D,YABULU,0.0,0.0,0,0,-,-,-,-,-,-,-,-,-,-,-,-,-,-,-,-
D,YABULU2,0.0,0.0,0,0,-,-,-,-,-,-,-,-,-,-,-,-,-,-,-,-
D,YENDWF1,54.2,51.98,0,0,-,-,-,-,-,-,-,-,-,-,-,-,-,-,-,-
D,ANGAST1,0.0,0.0,0,0,-,-,-,-,-,-,-,-,-,-,-,-,-,-,-,-
D,BALDHWF1,13.635,13.418,0,0,-,-,-,-,-,-,-,-,-,-,-,-,-,-,-,-
D,BARRON-2,0.0,0.0,0,0,-,-,-,-,-,-,-,-,-,-,-,-,-,-,-,-
D,BBTHREE1,0.0,0.0,0,0,-,-,-,-,-,-,-,-,-,-,-,-,-,-,-,-
D,BLOWERNG,0.0,0.0,0,0,-,-,-,-,-,-,-,-,-,-,-,-,-,-,-,-
D,BNGSF2,87.738,66.691,0,0,-,-,-,-,-,-,-,-,-,-,-,-,-,-,-,-
D,BOMENSF1,78.256,79.094,0,0,-,-,-,-,-,-,-,-,-,-,-,-,-,-,-,-
D,COLEASF1,114.45,116.215,0,0,-,-,-,-,-,-,-,-,-,-,-,-,-,-,-,-
D,DG_TAS1,0.0,0.0,0,0,-,-,-,-,-,-,-,-,-,-,-,-,-,-,-,-
D,DUNDWF2,10.082,11.466,0,0,-,-,-,-,-,-,-,-,-,-,-,-,-,-,-,-
D,DUNDWF3,63.376,60.339,0,0,-,-,-,-,-,-,-,-,-,-,-,-,-,-,-,-
D,GANNSF1,37.1,39.017,0,0,-,-,-,-,-,-,-,-,-,-,-,-,-,-,-,-
D,JLA04,0.0,0.0,0,0,-,-,-,-,-,-,-,-,-,-,-,-,-,-,-,-
D,JLB03,0.0,0.0,0,0,-,-,-,-,-,-,-,-,-,-,-,-,-,-,-,-
D,KIAMSF1,0.0,0.0,0,0,-,-,-,-,-,-,-,-,-,-,-,-,-,-,-,-
D,RT_SA1,0.0,0.0,0,0,-,-,-,-,-,-,-,-,-,-,-,-,-,-,-,-
D,RT_SA2,0.0,0.0,0,0,-,-,-,-,-,-,-,-,-,-,-,-,-,-,-,-
D,RT_SA5,0.0,0.0,0,0,-,-,-,-,-,-,-,-,-,-,-,-,-,-,-,-
D,RT_VIC2,0.0,0.0,0,0,-,-,-,-,-,-,-,-,-,-,-,-,-,-,-,-
D,TALWA1,0.0,0.0,0,0,-,-,-,-,-,-,-,-,-,-,-,-,-,-,-,-
D,URANQ13,0.0,0.0,0,0,-,-,-,-,-,-,-,-,-,-,-,-,-,-,-,-
D,URANQ14,0.0,0.0,0,0,-,-,-,-,-,-,-,-,-,-,-,-,-,-,-,-
D,BDL02,0.0,0.0,0,0,-,-,-,-,-,-,-,-,-,-,-,-,-,-,-,-
D,CG1,0.0,0.0,0,0,-,-,-,-,-,-,-,-,-,-,-,-,-,-,-,-
D,CLEMGPWF,33.2521,31.631,0,0,-,-,-,-,-,-,-,-,-,-,-,-,-,-,-,-
D,CSPVPS1,35.0619698,35.0,0,0,-,-,-,-,-,-,-,-,-,-,-,-,-,-,-,-
D,DAYDSF1,118.74931013,118.993,0,0,-,-,-,-,-,-,-,-,-,-,-,-,-,-,-,-
D,DG_VIC1,0.0,0.0,0,0,-,-,-,-,-,-,-,-,-,-,-,-,-,-,-,-
D,ELAINWF1,23.117,14.316,0,0,-,-,-,-,-,-,-,-,-,-,-,-,-,-,-,-
D,GRANWF1,0.0,0.0,0,0,-,-,-,-,-,-,-,-,-,-,-,-,-,-,-,-
D,JLA03,0.0,0.0,0,0,-,-,-,-,-,-,-,-,-,-,-,-,-,-,-,-
D,LADBROK2,0.0,0.0,0,0,-,-,-,-,-,-,-,-,-,-,-,-,-,-,-,-
D,LIMOSF11,2.298,1.041,0,0,-,-,-,-,-,-,-,-,-,-,-,-,-,-,-,-
D,MACARTH1,0.0,0.0,0,0,-,-,-,-,-,-,-,-,-,-,-,-,-,-,-,-
D,MERCER01,52.4,47.797,0,0,-,-,-,-,-,-,-,-,-,-,-,-,-,-,-,-
D,NUMURSF1,78.55,84.063,0,0,-,-,-,-,-,-,-,-,-,-,-,-,-,-,-,-
D,RRSF1,111.344,109.338,0,0,-,-,-,-,-,-,-,-,-,-,-,-,-,-,-,-
D,RT_NSW6,0.0,0.0,0,0,-,-,-,-,-,-,-,-,-,-,-,-,-,-,-,-
D,RT_VIC1,0.0,0.0,0,0,-,-,-,-,-,-,-,-,-,-,-,-,-,-,-,-
D,RT_VIC11,0.0,0.0,0,0,-,-,-,-,-,-,-,-,-,-,-,-,-,-,-,-
D,SALTCRK1,29.766,31.442,0,0,-,-,-,-,-,-,-,-,-,-,-,-,-,-,-,-
D,TNPS1,400.0,400.0,0,0,-,-,-,-,-,-,-,-,-,-,-,-,-,-,-,-
D,WATERLWF,0.0,66.435,0,0,-,-,-,-,-,-,-,-,-,-,-,-,-,-,-,-
